username,userid,profile_location,created_at,text,retweet_count,source,coordinates
Dominic Mark Ashman,29700512,Kent,2023-01-26 19:55:58,"@xfm_community On Eastenders tonight, Jay and Lola's first dance after the wedding was to 'Wonderful Tonight' by Er‚Ä¶ https://t.co/gdT1EsGAIJ",1,Twitter for Android,
Robert Bob 3.5% Remainer.,1189841394480959488,Kent,2023-01-26 19:36:10,"I do not support the Israeli government or their approach to Palestine. 
I am not antisemitic. Everyone has a right‚Ä¶ https://t.co/D9nlchtjDu",3,Twitter Web App,
KMPT NHS üíô,309088395,Kent,2023-01-26 17:57:28,"Have you received care from #mentalhealth and #community #health services in Kent? If so, we want to hear from you!‚Ä¶ https://t.co/FB1FzTWGYM",0,Twitter Web App,
Adrian Richardson,228117184,Kent,2023-01-26 17:21:56,Exciting first Board @kmptnhs today opened up by hearing from two service users on how our Brenchley Unit's Therape‚Ä¶ https://t.co/adpQiiAJT3,0,Hootsuite Inc.,
Medway Labour & Co-operative Group üá¨üáßü§ùüá∫üá¶,373425978,"Medway, Kent",2023-01-26 15:39:35,"Cllr. Simon Curry, a governor at the school, has welcomed this initiative as a great opportunity for the community‚Ä¶ https://t.co/oZZmYNZdMJ",1,Twitter Web App,
mishyensen,1370024081785982987,kent ,2023-01-26 12:41:47,@storiesbyjemay @Canellelabelle It's really sad to think that the overseas kids only have a couple of adults to pla‚Ä¶ https://t.co/iaDG91eNIf,0,Twitter for Android,
Paul Raymond #GTTO,284600892,Kent,2023-01-26 12:27:57,"@Mumoftwo1329 @MorreyCaroline @CHIMPSINSOCKS If you believe that nobody is sincere in the Trans community, then not‚Ä¶ https://t.co/i1tz6TkFj2",0,Twitter Web App,
Phil Clarke,227473334,Kent,2023-01-26 11:32:50,"@andrewmfc @chapz_89 @Boy69Scotty no allowances for covid, there are allowances for Virtue Spend which is infrastru‚Ä¶ https://t.co/wwBN2j5Dmn",0,Twitter Web App,
C&T Auctioneers,1907864808,Kent,2023-01-26 10:33:35,Thanks to all who came down to our Valuation Day in Whitstable yesterday! üí´ If you're in the Hawkinge/Folkestone ar‚Ä¶ https://t.co/kYIV9zOdxR,0,Twitter Web App,
LJH,1039886852910735360,Kent,2023-01-26 10:26:51,"Christians, please wake up! These people hate us. Turning the other cheek, singing lovely hymns and opening up our‚Ä¶ https://t.co/iirNkdCmlA",1,Twitter for Android,
Tarasaurus,878140441,Kent,2023-01-26 10:00:15,"@bbcdebatenight @susie_mccabe How f****** dare you!!
I play golf, organise kids coaching, volunteer in community or‚Ä¶ https://t.co/NAlrCQhGJm",0,Twitter for iPhone,
Culture in Kent,1508824645889413124,Kent,2023-01-26 09:30:02,"Thursday is #boostyourprofile day!

Add your profile to our growing community of creatives in Kent for FREE or upgr‚Ä¶ https://t.co/M52AUFDTnB",0,Zoho Social,
Josh Nelson,2842156971,North west Kent,2023-01-26 09:24:12,@BiologyAwesome @Mrmangajojo @SteveBarclay No reason to believe community immunity works differently with this than‚Ä¶ https://t.co/246tNyzBLv,0,Twitter for iPhone,
CR Arts,3294015425,Kent,2023-01-26 08:30:20,"Are you looking for low cost easy access office space in Kent , East Sussex or South London ? We are building a dir‚Ä¶ https://t.co/Iolt3rUaXt",0,The Social Jukebox,
B2B Kent,2795835840,Kent,2023-01-26 06:35:23,"Why post-pandemic the entire business community needs to reevaluate what‚Äôs important

A #BBunker Blog by Ross Feene‚Ä¶ https://t.co/SXGqluHpHA",0,The Social Jukebox,
Brett Glasow,898414628299874304,"Kent, WA",2023-01-26 03:09:46,Props 2 my Drama Community üíØ https://t.co/4vbTnaeGFI via @YouTube,0,Twitter Web App,
Josh Nelson,2842156971,North west Kent,2023-01-26 00:51:40,@Mrmangajojo @SteveBarclay Why is forever masking helping people - we need community immunity from exposure to protect  the vulnerable,0,Twitter for iPhone,
Dominic Mark Ashman,29700512,Kent,2023-01-25 23:25:28,"@KarlsQuotes ""I'll bung a song on"" @xfm_community https://t.co/mknMsJnFYS",0,Twitter Web App,
iLoveKent.net,41893596,"Kent, Washington",2023-01-25 22:26:45,Kent Police seeking community‚Äôs help to access security cameras https://t.co/SoNleYkNGS Crime #Crime #Kent #news,0,iLoveKent2,
Harris Girls‚Äô Academy Bromley,1328579496,"Beckenham, Kent",2023-01-25 21:10:35,It's been a busy week at HGABR and it's only Thursday! We started by celebrating some of wonderful students who go‚Ä¶ https://t.co/boElYfg9nY,1,Twitter for iPhone,
VikingRik,862715576866799617,Kent ,2023-01-25 20:52:48,@TheVikingDane She was a guest when John and I went to FSN before Christmas. Talked well about her JK enlightenment‚Ä¶ https://t.co/otYoHPZP7J,1,Twitter for Android,
Ray Weatherford,795353708,"Auburn, WA",2023-01-25 20:27:25,@BungieHelp Can you find out why Sparrow Racing isn't appearing as a Crucible option in D2 also please? Thanks. A l‚Ä¶ https://t.co/rbXG2gbfqM,0,Twitter for Android,
Auburn WA Police Dept,748254696633098240,"Auburn, WA",2023-01-25 20:03:32,"üö®Do you recognize this vehicle?üö®

The Dodge Challenger pictured below (possibly a 2-15-18 SXT) was involved in the‚Ä¶ https://t.co/hQNRQcwvt2",24,Twitter for iPhone,
B2B Kent,2795835840,Kent,2023-01-25 20:00:51,"Based in Canterbury or East Kent ? Looking for low cost office space? Join the Fruitworks  co-working, hot desking‚Ä¶ https://t.co/aA7Sa9TblT",0,The Social Jukebox,
City of Kent,62566884,"Kent, Washington USA",2023-01-25 19:58:06,"In 2022, our Parks department held over a hundred community events! We maintained full class schedules and fun prog‚Ä¶ https://t.co/jgcqTNvvou",0,Sprout Social,
CR Arts,3294015425,Kent,2023-01-25 17:23:23,"Join our co-working, hot desking community, In Canterbury and  in Mid Kent.  Is co-working right for you ? Read our‚Ä¶ https://t.co/tzS3N7hTmY",0,The Social Jukebox,
Kent Training & Apprenticeships,791212458,Kent,2023-01-25 16:01:06,Do you live in Maidstone and are looking for work? Join this community store in Detling who will train you to work‚Ä¶ https://t.co/b49ae76zUH,0,Hootsuite Inc.,
CMHA Lambton Kent,1268907817022390276,Lambton Kent,2023-01-25 15:06:10,"CMHAs across Ontario are calling on the province for a substantial, immediate and ongoing 
base funding increase fo‚Ä¶ https://t.co/ck0uTAslU9",2,Buffer,
CMHA Lambton Kent,1268907817022390276,Lambton Kent,2023-01-25 14:40:11,Come talk to Lisa about why #MentalHealthMatters at @StClairCollege. Learn about mental health supports within the‚Ä¶ https://t.co/KysLwu9xuC,1,Twitter for iPhone,
üá¨üáß Remoaner Resistance South East,466713235,Kent,2023-01-25 12:13:38,"@Yorgo74270232 @Bertie89400216 @stevec121 @reformparty_uk @TiceRichard Bill Gates has none, but he employs people w‚Ä¶ https://t.co/wxClwjE86O",0,Twitter Web App,
Olwen Cockell,20510477,Kent,2023-01-25 11:08:34,Long waits on remand. What that often means is that when they do finally get to court they are released on time ser‚Ä¶ https://t.co/H4bHKOfIKk,1,Twitter for iPhone,
B2B Kent,2795835840,Kent,2023-01-25 09:30:43,"Coming soon a new co working and community office space in Tenterden 

 The Trading Post opens March 2023 

Read ab‚Ä¶ https://t.co/nkFUL73UEx",1,Twitter for iPhone,
Tonbridge and Malling Borough Council,1930386812,Kent,2023-01-25 09:00:26,"Pop into the Town Council offices today between 4pm and 6pm to discuss any community safety issues in your area, in‚Ä¶ https://t.co/TbYX5hKcAW",1,Orlo,
Pab√º el Diab√º,3075902509,"Auburn, WA",2023-01-25 08:28:24,"I wish I could code more, but any time I try again I feel like a failure sitting in front of everyone pretending to‚Ä¶ https://t.co/dd5Zwt7YF8",0,Twitter for Android,
South King County Fire Dispatches,1390435821212213248,King County WA,2023-01-25 03:38:24,"üöë
DISPATCH: Medical Aid - Basic Life Support @ ETHOS COMMUNITY APTS #C-103, 2200 W MEEKER ST #C-103, KENT.

Respond‚Ä¶ https://t.co/RqHnxENxm0",0,SKCDispatch,"{'type': 'Point', 'coordinates': [-122.2270272, 47.3826903]}"
Suzanne M. Johnson,973253939448528896,"Auburn, WA",2023-01-24 21:49:47,"Thank you Rep. Chris Stearns of the 47th district for your time today with GRC trustees!
Community Colleges provide‚Ä¶ https://t.co/28eUvqVsBw",2,Twitter for iPhone,
Tyler Foster #AbortiononDemandandWithoutApology,15504287,"Auburn, WA",2023-01-24 19:56:10,@phosphor_glow Suddenly very curious as to whether Dave has ever accused the trans community of using transphobia a‚Ä¶ https://t.co/fPt8fho242,0,Twitter for Android,
City of Kent,62566884,"Kent, Washington USA",2023-01-24 18:48:06,"Last year, the Kent City Council passed four new city ordinances aimed at improving public safety and quality of li‚Ä¶ https://t.co/n476kaDjGx",0,Sprout Social,
Twedders,2252398977,Kent,2023-01-24 16:55:15,"@UTDTrey Stop, you have to Win FA cup or league to even get a shot at community shield, youre just making yourself look silly.",0,Twitter for Android,
Tom Swift,68241868,Kent,2023-01-24 16:51:13,@trinitytheatre So sad to hear. Shame the local community don‚Äôt support anymore. 10 years ago local amateur compani‚Ä¶ https://t.co/4SiP8oc4qG,0,Twitter for iPhone,
Nurgle‚òÄÔ∏è,3545206216,Kent,2023-01-24 16:28:44,@AceThaGreatest @SuperBadSeries @FlareNetworks @HugoPhilion Appreciate the kind words bud :) ‚ù§Ô∏è always pushing forw‚Ä¶ https://t.co/NbuJU7mqHB,0,Twitter for iPhone,
KentOnline,31101301,Kent,2023-01-24 16:15:03,"""Her death is a huge loss to the community...""  https://t.co/IcWbiMEvIy",0,Buffer,
Dynamic Coaching UK,228729535,London & Kent,2023-01-24 16:14:02,"If you are aged 14-18 and live in #Bromley, why not come along to our FREE sports club at Turpington Lane Community‚Ä¶ https://t.co/Rvpn75IuYp",0,Buffer,
Kent Community Foundation,325441293,Kent,2023-01-24 15:07:50,.@Kent_cc is proposing changes to the way buildings are used in the delivery of community services and is inviting‚Ä¶ https://t.co/M5NDQVgeOD,0,Twitter Web App,
Dynamic Coaching UK,228729535,London & Kent,2023-01-24 13:00:23,"Dynamic Coaching üü∞ Diversity and Inclusion in Action ‚úÖ

We provide education and personal development services to t‚Ä¶ https://t.co/KrLeqqJhsJ",0,Buffer,
C&T Auctioneers,1907864808,Kent,2023-01-24 12:52:02,"Our next valuation day is happening tomorrow, 25th January, at the Whistable Umbrella Community Centre ‚òÇÔ∏èfrom 1pm t‚Ä¶ https://t.co/wA1aLerKQ5",1,Buffer,
Fuller and Thomas Construction Ltd,1310535334489395200,Kent,2023-01-24 12:50:22,It's that time of year again!!!! Giving back to the community!! #fullerandthomas #loveconstruction #diggingtheroad‚Ä¶ https://t.co/IcKhxpP07P,0,Twitter for Android,
Knowledge Exchange and Innovation,46616958,Kent,2023-01-24 11:10:42,"Happy #InternationalDayofEducation!

To celebrate, here are some snaps of Kent's business community learning from o‚Ä¶ https://t.co/lsWEWG3Lgo",1,Twitter Web App,
A Better Medway,352948995,"Medway, Kent",2023-01-24 10:12:24,"Congratulations to our latest group of residents to volunteer as A Better Medway Champions! üëè

Champions play an im‚Ä¶ https://t.co/wgkpzbi6g1",2,Orlo,
West Kent Mind,59079679,West Kent,2023-01-24 10:01:38,"Kindly funded by @SevenoaksTP, we're running some FREE Mental Health Awareness Workshops for the #Sevenoaks town co‚Ä¶ https://t.co/NRHWAzF6tn",4,Hootsuite Inc.,
Medway Urban Greenspaces Forum,1369207765290385411,"Medway, Kent",2023-01-24 10:00:35,"Coming up on Thursday 2nd February  #Volunteer Day at Hillyfields Community Park, 10am-2pm, lend a hand clearing ve‚Ä¶ https://t.co/36Pu8qqu2R",1,Buffer,
Carol Davis Moody MBE,1008875521,kent,2023-01-24 08:10:41,"The FosterWiki is a community project, membership is currently free and will allow you to contribute to the Wiki pa‚Ä¶ https://t.co/Bxpxh4b8S0",0,Twitter for iPhone,
Martin Guyton üíô,194275029,Kent,2023-01-24 07:43:54,@grobykid @AndyJReed_OBE All in favour of promoting alternative forms of exercise to the gym but the sector does ne‚Ä¶ https://t.co/Hxb215zh3S,0,Twitter for iPhone,
City of Auburn (WA),18273186,"Auburn, Washington",2023-01-24 02:03:04,"Mayor Backus is proud to declare January Tamil Heritage Month, recognizing the around 9,000 Tamilians residing in W‚Ä¶ https://t.co/RzDQ2lMANF",2,Twitter Web App,
Joe Rixman,1298739028062175234,"Kent, WA",2023-01-24 00:58:49,"@luke_tarzian 2023 hasn't been all that kind, either. What say we work together to make this community a better pla‚Ä¶ https://t.co/cq2XkOaORC",0,Twitter Web App,
South King County Fire Dispatches,1390435821212213248,King County WA,2023-01-23 23:54:50,"üöë
DISPATCH: Medical Aid - Basic Life Support @ CATHOLIC COMMUNITY, 1229 W SMITH ST, KENT.

Responding Dept: Kent
Un‚Ä¶ https://t.co/zSmGIgEy3S",0,SKCDispatch,"{'type': 'Point', 'coordinates': [-122.24924924, 47.38328615]}"
South King County Fire Dispatches,1390435821212213248,King County WA,2023-01-23 23:44:41,"üöë
DISPATCH: Medical Aid - Basic Life Support @ CATHOLIC COMMUNITY, 1229 W SMITH ST, KENT.

Responding Dept: Kent
Un‚Ä¶ https://t.co/pecDvcZEj9",0,SKCDispatch,"{'type': 'Point', 'coordinates': [-122.24924924, 47.38328615]}"
‚ú®peony‚ú®,716837774784131074,"Kent, WA",2023-01-23 22:38:18,like yes her review of synthv itself is reasonable. her ai art take..... dreamtonics research ur people before send‚Ä¶ https://t.co/MFYhts22OA,1,Twitter for Android,
‚ú®peony‚ú®,716837774784131074,"Kent, WA",2023-01-23 22:34:40,genuinely kind of funny how the whole vsynth community rallied up to clarify the difference between specifically sy‚Ä¶ https://t.co/l4p8HqHgcT,1,Twitter for Android,
City of Auburn (WA),18273186,"Auburn, Washington",2023-01-23 21:51:23,Know what's extremely uncool? Cutting down and stealing a beautiful bronze statue that greeted all visitors to the‚Ä¶ https://t.co/9ow9LDmY0e,69,Meltwater Social,
South King County Fire Dispatches,1390435821212213248,King County WA,2023-01-23 21:12:06,"üöë 
DISPATCH: Medical Aid - Service @ CATHOLIC COMMUNITY, 1229 W SMITH ST, KENT.

Responding Dept: Kent
Unit(s): A371
#PugetSoundFire #Kent",0,SKCDispatch,"{'type': 'Point', 'coordinates': [-122.24924924, 47.38328615]}"
Dominic Mark Ashman,29700512,Kent,2023-01-23 20:55:14,@josephcoward @IdentEveryHour @xfm_community Maybe this is why he was struck off,0,Twitter Web App,
Rico Suave Jr. üì∏,2920121659,"Kent, WA",2023-01-23 20:00:36,"Your day could start in isolation, but end in community and ca... More for Aries https://t.co/w66NkC9HHa",0,Twittascope,
‚ô° mia lily ‚ô°,636506221,Kent,2023-01-23 17:00:46,"Your day could start in isolation, but end in community and ca... More for Aries https://t.co/gCvLxLFpLA",0,Twittascope,
Auburn WA Police Dept,748254696633098240,"Auburn, WA",2023-01-23 16:07:38,"The Auburn Police Department‚Äôs Special Investigations Unit (SIU) had a very busy 2022.

Here is what they did to ma‚Ä¶ https://t.co/KjBlBmlINx",9,Twitter for iPhone,
Makaveli,586065875,kent,2023-01-23 16:00:38,"Your day could start in isolation, but end in community and ca... More for Aries https://t.co/6S3I1tknKK",0,Twittascope,
North Kent College,119003929,Kent,2023-01-23 15:46:01,Policing Level 3 student Lewis Gilbert is the first of the force‚Äôs cadets to be honoured in this way and joins youn‚Ä¶ https://t.co/jm8EELjCtn,1,Buffer,
wendy norman,20617323,kent,2023-01-23 15:32:49,"Your day could start in isolation, but end in community and ca... More for Aries https://t.co/UxxO3mbVto",0,Twittascope,
George,610389822,Kent,2023-01-23 15:32:29,"Your day could start in isolation, but end in community and ca... More for Aries https://t.co/oN82TYW2FN",0,Twittascope,
Paul Raymond #GTTO,284600892,Kent,2023-01-23 14:30:51,"@Helen07101981 @IndiaWilloughby Exactly. If any other group was treated like this, the spreaders of such hatred wou‚Ä¶ https://t.co/Amxwni198n",0,Twitter Web App,
Scapegoat_Ste,2248266721,Kent,2023-01-23 14:25:47,I have decided in honour of the current flap the 'Community' is in I shall name him Rogal Dawg in honour of this da‚Ä¶ https://t.co/BrmTg8zzB1,2,Twitter for Android,
wildman92ttv,401484269,kent,2023-01-23 14:06:32,"Your day could start in isolation, but end in community and ca... More for Aries https://t.co/xQXoVvT48v",0,Twittascope,
Shanndaile wailehua·É¶,193140715,"Auburn, WA",2023-01-23 14:04:39,"Your day could start in isolation, but end in community and ca... More for Aries https://t.co/DUI9AXHdax",0,Twittascope,
Cearon O'Flynn,254634455,Kent,2023-01-23 12:37:33,@jamesoflynn @WakelandH35 @calvinrobinson Exactly. But without even leaving the school setting there‚Äôs plenty of pe‚Ä¶ https://t.co/0Ck4AacP1x,0,Twitter for iPhone,
BBC Radio Kent,78588073,Kent,2023-01-23 12:12:02,"Celebrate the heroes in your community.

Nominations are open now for the 2023 BBC Radio Kent Make a Difference Awa‚Ä¶ https://t.co/XbJG0OuaeN",1,SocialFlow,
Kent Community Foundation,325441293,Kent,2023-01-23 12:11:50,"üö®New ¬£1m Fund open!
The Charles Burnett III Memorial Fund is open to small charities &amp; community groups working wit‚Ä¶ https://t.co/YcKt7T2bSs",0,Twitter Web App,
‚ù§Ô∏èJEN JEN X‚ù§Ô∏è,102479524,Kent,2023-01-23 12:01:21,"Your day could start in isolation, but end in community and ca... More for Aries https://t.co/JG5YaUlpnj",0,Twittascope,
Taylor S Moore,288507169,"Kent, WA",2023-01-23 11:32:10,"Your day could start in isolation, but end in community and ca... More for Aries https://t.co/Xo4HupqVLT",0,Twittascope,
Biggin Hill Safer Neighbourhood Team,3223943387,"Biggin Hill, Kent",2023-01-23 10:45:08,"Responding to residents concerns. Your local policing team, together with members of the community carried out a sp‚Ä¶ https://t.co/6MKJb6d9CX",4,Twitter Web App,
Graham Cunnington,2301760263,"Welling, Kent",2023-01-23 09:24:19,"With grateful thanks to funding from the William Kendall Trust, Wellspring Community Cafe has now expanded with new‚Ä¶ https://t.co/fxUA7yB4WL",0,Twitter for iPhone,
Stephanie Abbitt,906700830,kent ,2023-01-23 06:11:51,@ThePokemangoes Not a single shiny. I can't go outside every community day sadly as my autistic son doesn't want to‚Ä¶ https://t.co/mkMsJLGqxM,0,Twitter for Android,
KFG Motorsports,39864950,"Auburn, WA",2023-01-23 03:23:02,Said news for the motorsports community. Does anyone know what happened? Why the county didn‚Äôt see the value in ren‚Ä¶ https://t.co/GRKTqAV7jR,0,Instagram,
City of Kent,62566884,"Kent, Washington USA",2023-01-22 22:57:05,"In 2022, Human Services distributed funding to 11 new community programs, empowering local non-profits to expand th‚Ä¶ https://t.co/GWoa1kiW1c",2,Sprout Social,
Josh Nelson,2842156971,North west Kent,2023-01-22 21:34:24,"@eekymom The twitter ‚Äòmedical community‚Äô are frequently just barely hidden pharma reps, so it‚Äôs not surprising you‚Ä¶ https://t.co/PtnuqxQfDz",0,Twitter for iPhone,
B2B Kent,2795835840,Kent,2023-01-22 19:00:37,"Why post-pandemic the entire business community needs to reevaluate what‚Äôs important

A #BBunker Blog by Ross Feene‚Ä¶ https://t.co/boS838WzUg",0,The Social Jukebox,
CR Arts,3294015425,Kent,2023-01-22 17:23:25,You can listen live to all our Talk business community &amp; special interest shows here ==&gt;&gt; https://t.co/WtkpMsd91Y https://t.co/pstWa1VNeJ,0,The Social Jukebox,
Margery the Munificent,865892726,"Maple Valley, WA",2023-01-22 17:22:51,@ananavarro I adore this community for so many reasons.,0,Twitter for iPhone,
Trix Da Gnome #TeamCT üè≥Ô∏è‚Äçüåà,29043468,"Kent, WA",2023-01-22 16:20:40,"@MissouriMule2 @SDECoxHealth If you only read what the media wants you to know, you‚Äôre doing yourself a disservice.‚Ä¶ https://t.co/mEom8rGlEe",0,Twitter for iPhone,
Sam Harris,23177778,"Auburn, WA",2023-01-22 15:43:33,@MattSmethurst Or a community of beleivers!  Doesnt have to be in a traditional weekly service.  Being part of the‚Ä¶ https://t.co/aDMHbQ4alV,0,Twitter for iPhone,
Robin Murray,2764728352,Kent,2023-01-22 13:10:10,@nadhimzahawi I suppose people will be prosperous in the New Year if they avoid paying their taxes like you. Perhap‚Ä¶ https://t.co/RzrJVqO4xm,0,Twitter for iPhone,
Jacqueline Mercer,23576532,"Sidcup, Kent",2023-01-22 10:06:26,@kirsty88p26 @HP_Community @heatherpeace Parking is not great. I‚Äôm coming from London. I‚Äôm lucky I have a mate that‚Ä¶ https://t.co/tRFe2bYext,0,Twitter for iPhone,
Mike not a Rapper tho,58412791,"Auburn, WA",2023-01-21 20:22:32,It‚Äôs Larvitar redo community day. I have had breakfast and my rechargeable batteries are full. Couple more errands‚Ä¶ https://t.co/kIEF2Aao2b,0,Twitter for iPhone,
Ian Furness,168937107,Seattle,2023-01-21 16:35:54,Many can call a game. Few can become a legendary voice of the game and community. In Seattle that was Dave Niehaus.‚Ä¶ https://t.co/P6ipETryD0,16,Twitter for iPhone,
Save Nature Photography üå±üíöüå±,241936422,London & Kent,2023-01-21 15:21:58,@dave43law How about we sell off the Tory party? They belong in business only now and not community government.,0,Twitter for iPhone,
B2B Kent,2795835840,Kent,2023-01-21 13:00:25,"Tune in to Kent's leading Internet Radio station Channel Radio , https://t.co/s8EG56KM8S for all your music enterta‚Ä¶ https://t.co/IffjH9xiNY",0,The Social Jukebox,
CR Arts,3294015425,Kent,2023-01-21 12:57:20,"Is co-working right for you ? Join the co-working, hot desking community, In Canterbury and coming soon  in Tenterd‚Ä¶ https://t.co/Z74pH6MRIv",0,The Social Jukebox,
Marian Christie,1228219651,Kent,2023-01-21 08:28:30,@Linsey_Dyer The Scrabblegram community is the best thing on Twitter!,0,Twitter Web App,
GreenRiver MensBBall,856260394905735169,"Auburn, WA",2023-01-21 08:08:16,"We don‚Äôt own the rights to this music üé∂ 
IT‚ÄôS GAMEDAY.
üÜö Grays Harbor Community College 
üï† 4:00 PM Pacific
üìç Grays‚Ä¶ https://t.co/SONRk2pYLh",1,Twitter for iPhone,
‚ú®peony‚ú®,716837774784131074,"Kent, WA",2023-01-21 05:57:49,finished the stardew community center :&gt;,0,Twitter for Android,
Advisory Circular SEA-TAC,1472731325308096512,"Seattle, WA",2023-01-21 01:34:02,"N531ND, a Cessna 172-S, is circling over King County at 1375 feet, speed 89 MPH, squawking 1200, 0.3 miles from Sol‚Ä¶ https://t.co/dxHLbo3mWG",0,SkyCirclesLA,"{'type': 'Point', 'coordinates': [-122.10204681, 47.37768476]}"
larry kalchik,866860364138401792,"Kent, WA",2023-01-21 01:04:22,"@San_miller23 Was just talking to a coworker on this subject. A strong family, makes a strong community and in turn‚Ä¶ https://t.co/oeRITicMII",0,Twitter for iPhone,
South King County Fire Dispatches,1390435821212213248,King County WA,2023-01-20 23:02:26,"üöë
DISPATCH: Medical Aid - Basic Life Support @ GREEN RIVER COMMUNITY COLLEGE #IVB, 12401 SE 320TH ST #IVB, AUBURN.‚Ä¶ https://t.co/JeQohx04Ia",0,SKCDispatch,"{'type': 'Point', 'coordinates': [-122.2301808, 47.3075369]}"
City of Kent,62566884,"Kent, Washington USA",2023-01-20 21:30:09,"In 2022, we completed our pilot Community Immersion Law Enforcement Program.

It integrates new police recruits wit‚Ä¶ https://t.co/EJnSXQfNL6",1,Sprout Social,
zinorigins,775408080003690496,Kent,2023-01-20 20:11:25,"@RogerDX @eddiep213 @FightHaven Well obviously there are far more straight people then gay people, if the numbers w‚Ä¶ https://t.co/n7Tu1v0aQB",0,Twitter for Android,
Children's Therapy,246646928,"Kent, WA",2023-01-20 20:00:29,"NEXT MONDAY at 12pm
Tune in for the first episode of our Facebook Live Series: Coffee Conversations

Our first gues‚Ä¶ https://t.co/89LjXYLUBG",0,Hootsuite Inc.,
Tom Tugendhat,2173779986,Kent,2023-01-20 19:47:05,With the great @tracey_crouch and @TMBCToryGroup in Kings Hill getting ready for the May Local Elections.‚Ä¶ https://t.co/Cu4eWinjI9,7,Twitter for iPhone,
Chris Vinson,260334904,Kent,2023-01-20 18:42:22,"So sad to read this news. 31 is just no age at all.

Cameron was deeply committed to his community and the causes h‚Ä¶ https://t.co/lz7VzVjCW3",0,Twitter for iPhone,
City of Auburn (WA),18273186,"Auburn, Washington",2023-01-20 18:28:16,"If you've been, you know what we mean -- Community Court graduations don't feel like a case dismissal. And that's t‚Ä¶ https://t.co/NUqsnDpqwl",1,Meltwater Social,
Puts The 'Daddy' in Daddy Immaru üéµüéÆüé≤üè≥Ô∏è‚Äçüåà,382492327,"Auburn, WA",2023-01-20 18:22:11,"@erica_slayer @LoveAltCoins Yes, and The Laramie Project was created out of that tragedy.

If you're gonna nitpick‚Ä¶ https://t.co/Ttf708Ac8L",0,Twitter Web App,
Matt Talboys,75320215,Surrey/Kent,2023-01-20 18:14:57,Has anyone got any links to footage of the experimental law change from the RFU in practice in the French community‚Ä¶ https://t.co/8xS1EJYmgG,0,Twitter Web App,
Robin Murray,2764728352,Kent,2023-01-20 17:14:23,"@politicswatch15 @spectator This is just a hatchet job of a piece.

Right wing Conservative supporters are terrifie‚Ä¶ https://t.co/0EAnxRsi2S",0,Twitter for iPhone,
B2B Kent,2795835840,Kent,2023-01-20 17:00:33,"Why post-pandemic the entire business community needs to reevaluate what‚Äôs important

A #BBunker Blog by Ross Feene‚Ä¶ https://t.co/jYZSpoeuLt",0,The Social Jukebox,
CR Arts,3294015425,Kent,2023-01-20 16:17:22,"Are you looking for low cost easy access office space in Kent , East Sussex or South London ? We are building a dir‚Ä¶ https://t.co/44w5NOZiJF",0,The Social Jukebox,
mishyensen,1370024081785982987,kent ,2023-01-20 14:51:19,Sophie will love this ü§© such a beautiful community üòçüôèüòç https://t.co/e1YCXf30Bx,0,Twitter for Android,
B2B Kent,2795835840,Kent,2023-01-20 12:00:34,"Based in Canterbury or East Kent ? Looking for low cost office space? Join the Fruitworks  co-working, hot desking‚Ä¶ https://t.co/J8tQq5QEIP",0,The Social Jukebox,
"Fry Media - Digital, Print, Exhibitions, Awards",544315703,Kent,2023-01-20 11:26:03,"INNOVATIONS 2023 is back!

For more information click&gt;&gt; https://t.co/MxsOKFispu
january-2023/4571/#page/17‚Ä¶ https://t.co/AGE4LX9aM8",1,Twitter for iPhone,
Rebecca Wozencroft üíöüñ§,1414729369,kent,2023-01-20 10:31:30,@HappyHead74 We had a community playthings one - expensive but well worth it. Beautiful quality and could be adapte‚Ä¶ https://t.co/SFkLvcILfr,0,Twitter for iPhone,
Charlotte Cornell üåπ‚úçÔ∏è,29042255,Kent,2023-01-20 10:28:00,The proposed bonfire of closures affecting Kent‚Äôs children‚Äôs centres is a community injustice. Read and SHARE my ar‚Ä¶ https://t.co/vg3NkRXoSF,5,Twitter for iPhone,
BTF Partnership,562711147,Kent,2023-01-20 10:19:34,Read this week's Rural Rap with news from across the rural and farming community https://t.co/HhNmNN3zut https://t.co/NuvcIrU1eL,0,TweetDeck,
West Kent Mind,59079679,West Kent,2023-01-20 08:01:52,Have you ever thought of becoming a volunteer? Now is the perfect time to support your local community and voluntee‚Ä¶ https://t.co/J4bwc9uVJn,3,Hootsuite Inc.,
Hey Yo,87468306,Narnia,2023-01-20 03:44:57,"@RebelCaws It's up in community creations 
 Just gotta look it up under Triple H",0,Twitter for Android,
iLoveKent.net,41893596,"Kent, Washington",2023-01-20 02:49:24,"Honor a community member/business by nominating the for MSC Help, Hope, Change https://t.co/0IMlqGiXnc Community #award #ChangeAward #Hope",0,iLoveKent2,
Casey Hills,17219668,"Auburn, WA",2023-01-20 00:03:18,"@seerutkchawla The ""support groups""/communities for certain disorders are off the rails. I recently recieved a shoc‚Ä¶ https://t.co/ilL6AQH9a2",1,Twitter Web App,
West Kent Health & Care Partnership,1153978988622204928,West Kent,2023-01-19 23:04:39,Wonderful to attend the official launch of the brilliant Shepway Community Larder today! ü•≥ well done to all WKHCP p‚Ä¶ https://t.co/3QEGvXuR8y,0,Twitter for iPhone,
Medway Labour & Co-operative Group üá¨üáßü§ùüá∫üá¶,373425978,"Medway, Kent",2023-01-19 22:00:36,"This is on top of their failure to send the vital GP Task Group Report to Cabinet last week

They are completely ou‚Ä¶ https://t.co/3tp18z7jzI",2,Twitter Web App,
FairwoodCommUMC,1360064912,"Fairwood, Washington",2023-01-19 21:59:51,Fairwood Community UMC Weekly Newsletter - 1/19/2023 - https://t.co/xznhpIWaUz https://t.co/SDXDGpPuwk,0,Mailchimp,
Liquorice Cowboy #FBPE,1425571447314030601,Kent,2023-01-19 20:53:12,"@TheTweetOfRhea I get it. It provides (mostly fearful) people with a community, a comfort blanket, some sort of rea‚Ä¶ https://t.co/Lg4pIIf9rV",0,Twitter for iPhone,
Cayuga Comm College,15250723,Auburn,2023-01-19 20:34:44,A reminder that we're still accepting registrations for our CASAC program! Call our Community Education &amp; Workforce‚Ä¶ https://t.co/qwnDYNDpg8,0,Twitter Web App,
Medway Labour & Co-operative Group üá¨üáßü§ùüá∫üá¶,373425978,"Medway, Kent",2023-01-19 20:34:31,üëÆ The removal of the Police Schools Teams will only hinder attempts to build community cohesion and prevent anti-so‚Ä¶ https://t.co/WLreCkmy86,1,Twitter Web App,
Educational Life CIC,2463224492,Kent,2023-01-19 20:29:59,Looks great... #EduLife #yournews #yourviews #yourcommunity #communitynews #community https://t.co/4nD602BiVr,0,Twitter Web App,
NickyNuBoxing,1471911922480132096,Kent,2023-01-19 20:05:11,We can see the fighters are under tremendous pressure &amp; expecting them to compete on social media is too much of an‚Ä¶ https://t.co/Hzu9zKACw5,1,Twitter for Mac,
catlover ü©∏üá¨üáß,1181910023699681281,Kent ,2023-01-19 19:34:07,@KimDotcom @jacindaardern @NZClarke She wanted and implemented a  two tier segregated community. Just like Nazi Ger‚Ä¶ https://t.co/IWC31XTexV,0,Twitter for iPhone,
CR Arts,3294015425,Kent,2023-01-19 17:23:27,"Join our co-working, hot desking community, In Canterbury and  in Mid Kent.  Is co-working right for you ? Read our‚Ä¶ https://t.co/GoiHeDrMzG",0,The Social Jukebox,
Double G,1453346088388333580,Kent,2023-01-19 17:20:07,@ShiLLin_ViLLian Community is the differentiator between success &amp; failure in NFT‚Äôs,0,Twitter for iPhone,
Tonbridge and Malling Borough Council,1930386812,Kent,2023-01-19 16:02:47,Walkers enjoyed a sunny outing in Hadlow today on a Ramblers Wellbeing Walk. These are inclusive walks and last 30-‚Ä¶ https://t.co/3QCAGkw6N2,1,Orlo,
B2B Kent,2795835840,Kent,2023-01-19 16:00:42,"Why post-pandemic the entire business community needs to reevaluate what‚Äôs important

A #BBunker Blog by Ross Feene‚Ä¶ https://t.co/3OGftauvoD",0,The Social Jukebox,
B2B Kent,2795835840,Kent,2023-01-19 14:08:48,"Coming soon a new co working and community office space in Tenterden 

 The Trading Post opens March 2023 

Read ab‚Ä¶ https://t.co/QGrdqjDs7g",1,Twitter for iPhone,
Dynamic Coaching UK,228729535,London & Kent,2023-01-19 13:03:01,"Become a hero: become a blood donor and save lives ü©∏ü¶∏üèø‚Äç‚ôÄÔ∏è
We are passionate about raising awareness on this importa‚Ä¶ https://t.co/V4iGaMHcXv",1,Buffer,
KentSchoolGames,2180039858,Kent,2023-01-19 12:00:32,"Have you ever considered Parkrun? üèÉüå≥
@parkrunUK is a free inclusive community event for people of all ages and all‚Ä¶ https://t.co/kErHj18TQG",1,Twitter Web App,
Kent Training & Apprenticeships,791212458,Kent,2023-01-19 10:59:58,Build up your work experience with this customer service Apprenticeship giving you the chance to work across a comm‚Ä¶ https://t.co/iYOTbWsLPj,0,Hootsuite Inc.,
Met4Cast,1227559532882223105,Kent,2023-01-19 09:54:15,"4/n There is a ""community"" of weather enthusiasts on here and whilst that's great, there is a lot of toxicity that‚Ä¶ https://t.co/qUDg9Xz3XO",0,Twitter Web App,
Dr Katerina Kolyva,2156890678,London and Kent ,2023-01-19 08:45:36,Research outcomes linked to local need and development of local community growth is important as it can help demons‚Ä¶ https://t.co/N7CmWzq4Tp,0,Twitter for Android,
SocialEnterpriseKent,479367306,Kent,2023-01-19 08:01:38,"If you're struggling this winter, there's lots of support available for you. 
Click the link to see what help is av‚Ä¶ https://t.co/nlEDgy3iLA",0,Hootsuite Inc.,
Robert Bob 3.5% Remainer.,1189841394480959488,Kent,2023-01-19 07:41:41,@SarahOwen_ @RhonddaBryant Is it the Church of England or other groups from the International  Anglican Communion t‚Ä¶ https://t.co/eErrNmHYYv,0,Twitter for iPad,
patchmuthaü§ûüèΩüíï,1527660202803089409,"Auburn, WA",2023-01-19 02:43:22,I‚Äôm gonna always be a helping hand in my poly community. No matter what field of work I‚Äôm in. When it comes to my p‚Ä¶ https://t.co/Gn4F7gVp5b,0,Twitter for iPhone,
Fully_Lou,147891187,kent,2023-01-18 20:48:16,"Nice üë©‚Äçüç≥ we have a sharing community in our town, and today I picked up this beaut. Baking is something fills me up‚Ä¶ https://t.co/E7aaHyuwU0",0,Instagram,
Liz Smith. üíô,1098685083484147712,Kent,2023-01-18 19:19:14,@itsPipper Fab. It will get to the point that human won't want to leave as it will be a lovely little community...‚Ä¶ https://t.co/fwb9F3b48R,0,Twitter for Android,
kmfm news,288993240,Kent,2023-01-18 18:50:00,NEWS: The 38 year-old repeatedly broke a community protection notice issued by police #kmfmnews https://t.co/3sUoAszJm4,0,Buffer,
Children's Therapy,246646928,"Kent, WA",2023-01-18 18:03:15,"SAVE THE DATE! JANUARY 23rd at Noon
Facebook Live Series: Coffee Conversations
In this series, we will have a varie‚Ä¶ https://t.co/D5eC50880p",0,Hootsuite Inc.,
City of Kent,62566884,"Kent, Washington USA",2023-01-18 17:53:08,"üôå At last night's council meeting, Conservation Coordinator Tony Donati recognized 2022 adopt a street/spot volunte‚Ä¶ https://t.co/gtLbVdYThX",3,Sprout Social,
Alzheimer's and Dementia Support Services / ADSS,971906827,Kent,2023-01-18 17:02:45,"Thank you to the @MayorofDartford - Paul Cutler for coming to our Dartford Memory Cafe today.

He came to see first‚Ä¶ https://t.co/9acXHpQ9O7",0,HeyOrca,
Kent Community Foundation,325441293,Kent,2023-01-18 15:58:18,"Today we joined @CVSMedway's 'Couch to Community' cookery class to make scones. 

The programme helps isolated or l‚Ä¶ https://t.co/1WC0UdnapL",1,Twitter Web App,
hols üíú,396623591,Kent,2023-01-18 15:02:04,Tensions may be rising within your community. It could involve... More for Aquarius https://t.co/4MITS6iWgh,0,Twittascope,
KentSchoolGames,2180039858,Kent,2023-01-18 14:29:38,"üó£Ô∏èCalling local clubs and community groups üó£Ô∏è

Don't miss your chance to apply for the Everyday Active small grant‚Ä¶ https://t.co/FclfzRkcuu",0,Twitter Web App,
Renazuki,47158068,"Kent, Wa",2023-01-18 14:01:31,Tensions may be rising within your community. It could involve... More for Aquarius https://t.co/Rbxb10JekE,0,Twittascope,
Dynamic Coaching UK,228729535,London & Kent,2023-01-18 13:33:02,"Free Multi-sports Club this Thursday from 5-6pm for ages 14-18 at Turpington Community Centre, #Bromley

Receive a‚Ä¶ https://t.co/fcA8T9N1FS",3,Buffer,
anthony luckhurst,257142741,kent,2023-01-18 13:00:03,Tensions may be rising within your community. It could involve... More for Aquarius https://t.co/72uttuHbUt,0,Twittascope,
Mark Everson üá¨üáßüá∫üá¶,143170819,Kent,2023-01-18 12:33:22,"@MrNickKnowles A project the community would get behind, and help out with, but how do you get that moving? Who do‚Ä¶ https://t.co/5VspyDKF8Q",0,Twitter Web App,
Mark Everson üá¨üáßüá∫üá¶,143170819,Kent,2023-01-18 12:29:33,"@MrNickKnowles have you read about this? This seems right up your alley. Local community theatre group, offering fr‚Ä¶ https://t.co/i2t22lr5Z2",0,Twitter Web App,
Mockford and Hunt,1309190857325764608,Kent,2023-01-18 12:06:53,Mockford &amp; Hunt ¬∑ Community Clean Up - Nextdoor https://t.co/udXvmwDPCt Volunteers welcome! #ashfordcommunity‚Ä¶ https://t.co/Xs5koOyca8,0,Twitter Web App,
GirlingsLawyers,2679645648,Kent,2023-01-18 12:02:20,"In 2022 our Wills, Tax &amp; Estates team helped raise ¬£2360 for @PilgrimsHospice Make a Will month. 
The scheme gives‚Ä¶ https://t.co/7mh3pXSdW8",1,Hootsuite Inc.,
KentSchoolGames,2180039858,Kent,2023-01-18 12:00:31,"The @YouthSportTrust Awards recognize the great work which is being done in schools and the local community, buildi‚Ä¶ https://t.co/8lGM6wDK6L",2,Twitter Web App,
GreenRiver MensBBall,856260394905735169,"Auburn, WA",2023-01-18 08:17:37,"We don‚Äôt own the rights to this music üé∂ 
IT‚ÄôS GAMEDAY.
üÜö Tacoma Community College 
üï† 7:30 PM Pacific
üìç The Swamp 
üì∫‚Ä¶ https://t.co/YifwW0DTDl",3,Twitter for iPhone,
dappy girl,66117311, Kent,2023-01-18 08:01:13,Tensions may be rising within your community. It could involve... More for Aquarius https://t.co/S5sQUY0SyQ,0,Twittascope,
Chris Hutchinson,464163519,Kent,2023-01-18 08:00:17,Tensions may be rising within your community. It could involve... More for Aquarius https://t.co/pJOpwI4o13,0,Twittascope,
BBC Radio Kent,78588073,Kent,2023-01-18 06:08:59,"‚ÄúIt's obvious there are LGBTQ people living on every street, in the whole of Kent.‚Äù Census data on sexuality and ge‚Ä¶ https://t.co/mPkxqDuzd9",0,SocialFlow,
Van A. Hurst,19818314,"Kent, WA",2023-01-18 02:09:33,"3rd Edition of Countdown to Kickoff is rolling in this Saturday in the #DMV
@XFLDefenders in the community.‚Ä¶ https://t.co/cIXCV2bxoL",1,Twitter for Android,
Jackson Wolf Pincus üè≥Ô∏è‚Äçüåà‚ú°Ô∏è,419817522,"Seattle, WA",2023-01-18 01:41:13,Thankful to have a Mayor who recognizes the myriad of threats to Jewish safety- ESPECIALLY in a city that leans as‚Ä¶ https://t.co/dgO1rQVws4,0,Twitter for iPhone,
robyn,397907143,Kent ,2023-01-18 00:00:03,Tensions may be rising within your community. It could involve... More for Aquarius https://t.co/sTH4kIuTTB,0,Twittascope,
Dominic Mark Ashman,29700512,Kent,2023-01-17 23:19:28,"@xfm_community @Redtelephone84 Yeah, it was one of the first tv shows they ever did!",0,Twitter Web App,
Dominic Mark Ashman,29700512,Kent,2023-01-17 23:08:00,"@xfm_community @Redtelephone84 If you enjoy Big Train, you might also enjoy Bruiser, a sketch show from around the‚Ä¶ https://t.co/YfmAGdMNUC",0,Twitter Web App,
Redline Bicycles,88956991,"Kent, WA",2023-01-17 23:01:23,DYK we have a network of awesome bike shops ready to help you grab your ride? Find them on our dealer locator.‚Ä¶ https://t.co/Zi2S8FfwaM,1,Agorapulse app,
Basic~TaroSnowüßãBoba~Bitch,2169047492,"Auburn, WA",2023-01-17 22:16:55,@VermyFox Our community is growing fast. I know when I got involved in 2010 most people I talked to had no idea wha‚Ä¶ https://t.co/BtBCCQ2Q09,0,Twitter for Android,
üá∞üá≠ MrVickTattoo,3306468746,"Renton, WA",2023-01-17 21:01:52,"Update;
They arrested the dude after overwhelming tips from the community. https://t.co/ANP7YvH8sF",0,Twitter for Android,
AMHS Booster,3254719849,"Auburn, WA",2023-01-17 20:11:00,Everyone welcome and expected to attend. We need everyone‚Äôs involvement to continue to successfully support our stu‚Ä¶ https://t.co/mMXqvSCVEJ,0,Instagram,
Auburn WA Police Dept,748254696633098240,"Auburn, WA",2023-01-17 19:16:09,"UPDATE: After overwhelming support from the community, APD has arrested a suspect in this case. https://t.co/OG4z7a5m0T",2546,Twitter for iPhone,
Medway Green Party,136342053,"Medway, Kent.",2023-01-17 18:32:01,Fantastic to see community groups and community leaders being listened to. This achievement is huge and will help p‚Ä¶ https://t.co/55DzBNBbvY,2,Twitter for Android,
City of Kent,62566884,"Kent, Washington USA",2023-01-17 16:25:50,"In 2022, the city's budget allocated $800k to advance our Race &amp; Equity Plan and initiatives while inviting communi‚Ä¶ https://t.co/lFipqMgRVY",1,Sprout Social,
South King County Fire Dispatches,1390435821212213248,King County WA,2023-01-17 16:08:03,"üöë ü©∫
DISPATCH: Medical Aid - Advanced Life Support @ DIAMOND VALLEY MOBILE HOME COMMUNITY #436, 31108 3RD AVE #436,‚Ä¶ https://t.co/fmOvITSlcN",0,SKCDispatch,"{'type': 'Point', 'coordinates': [-122.00667533, 47.32257333]}"
South King County Fire Dispatches,1390435821212213248,King County WA,2023-01-17 15:48:56,"üöë
DISPATCH: Medical Aid - Basic Life Support @ DIAMOND VALLEY MOBILE HOME COMMUNITY #436, 31108 3RD AVE #436, BLACK‚Ä¶ https://t.co/O7HetT22Bg",0,SKCDispatch,"{'type': 'Point', 'coordinates': [-122.00667533, 47.32257333]}"
Double G,1453346088388333580,Kent,2023-01-17 15:27:53,"@MetaverseMillen Yep 100%, I started GG Hollywood Hills &amp; Saude Brasil, great fun and good to build a community üôÇ",0,Twitter for iPhone,
Double G,1453346088388333580,Kent,2023-01-17 15:10:13,"@Mr_Monkeyagi Gm mate, community in the Metaverse üåé",0,Twitter for iPhone,
Liz Smith. üíô,1098685083484147712,Kent,2023-01-17 14:28:39,@Depheruk Maybe some of the people you have helped or the local community could assist if they have a trade that you needed...,0,Twitter for Android,
Russ üá∫üá¶ üôè,3263826599,Kent,2023-01-17 13:39:03,@Legendaryfishin @CBTHunting Nope. I‚Äôm saying him killing wild animals has nothing to do with conservation and ever‚Ä¶ https://t.co/Fq699yZnse,0,Twitter for iPhone,
KentOnline,31101301,Kent,2023-01-17 12:27:04,Do you have what it takes to join our team as a community reporter? Full details of our vacancy here #journalismjobs https://t.co/hRerdicVQo,0,TweetDeck,
NickyNuBoxing,1471911922480132096,Kent,2023-01-17 11:06:44,All those who are going to spend 9 months on what you think is ‚Äòorganic growth‚Äô will feel ridiculous when you see h‚Ä¶ https://t.co/03dABmnJHt,18,Twitter for Mac,
Dynamic Coaching UK,228729535,London & Kent,2023-01-17 10:30:07,"Dynamic Coaching üü∞ Diversity and Inclusion in Action ‚úÖ

We provide education and personal development services to t‚Ä¶ https://t.co/MJ51BdXL7X",1,Buffer,
Dr Katerina Kolyva,2156890678,London and Kent ,2023-01-17 06:51:49,The joy was mine and I'm delighted to continue our important work @TheQNI on professionalism and leadership in comm‚Ä¶ https://t.co/Rp0IgiyY6g,0,Twitter for Android,
UncleFarr,224522792,"Kent, WA",2023-01-17 04:48:23,"@DrAbioye Oh it is a slippery slope but those communities do it glaringly anyway. However, Africans tend to have a‚Ä¶ https://t.co/wbIMS5eTba",0,Twitter for iPhone,
UncleFarr,224522792,"Kent, WA",2023-01-17 03:54:46,@DrAbioye I think what he‚Äôs referring to is that they look for the best fit for that role within their community on‚Ä¶ https://t.co/LKP4xGx5ND,0,Twitter for iPhone,
Joshua Dobner,68720470,"Maple Valley, WA",2023-01-17 00:33:09,@JRomaETH @nftkoosh @frensradio_ @plutongmi @TheHerb_s @theluckyllamas @ChapoETH Web3 has identified that doxxed fo‚Ä¶ https://t.co/GJnxouyN5V,1,Twitter for iPhone,
Dominic Mark Ashman,29700512,Kent,2023-01-16 21:19:11,@xfm_community @rickygervais Putting Karl in a chair with balloons attached,0,Twitter for Android,
GFCO,76173493,"Auburn, WA",2023-01-16 21:00:04,Two years on shelf with the new look and feel! ü§∏‚Äç‚ôÇÔ∏èü•Ç @enjoylifefoods¬†was our first client in 2005. Today we are pro‚Ä¶ https://t.co/Uf2dViJTZv,0,Brandwatch,
Doug Klein,998671950443507712,"Auburn, Washington, USA",2023-01-16 19:01:26,"Happy Martin Luther King, Jr. Day, everyone! Let us honor this man by doing what we can to make a difference in our‚Ä¶ https://t.co/zUbr8lc35j",0,Hootsuite Inc.,
Mr A Pitts Music,1278410898,Kent,2023-01-16 18:20:37,@DominicPenna @simon_telegraph @DSanderson_85 More detachment in the place of community again,0,Twitter for iPhone,
